stname,popestimate,popest_male,popest_fem,under5_tot,under5_male,under5_fem,age513_tot,age513_male,age513_fem,age1417_tot,age1417_male,age1417_fem,age1824_tot,age1824_male,age1824_fem,age16plus_tot,age16plus_male,age16plus_fem,age18plus_tot,age18plus_male,age18plus_fem,age1544_tot,age1544_male,age1544_fem,age2544_tot,age2544_male,age2544_fem,age4564_tot,age4564_male,age4564_fem,age65plus_tot,age65plus_male,age65plus_fem,age04_tot,age04_male,age04_fem,age59_tot,age59_male,age59_fem,age1014_tot,age1014_male,age1014_fem,age1519_tot,age1519_male,age1519_fem,age2024_tot,age2024_male,age2024_fem,age2529_tot,age2529_male,age2529_fem,age3034_tot,age3034_male,age3034_fem,age3539_tot,age3539_male,age3539_fem,age4044_tot,age4044_male,age4044_fem,age4549_tot,age4549_male,age4549_fem,age5054_tot,age5054_male,age5054_fem,age5559_tot,age5559_male,age5559_fem,age6064_tot,age6064_male,age6064_fem,age6569_tot,age6569_male,age6569_fem,age7074_tot,age7074_male,age7074_fem,age7579_tot,age7579_male,age7579_fem,age8084_tot,age8084_male,age8084_fem,age85plus_tot,age85plus_male,age85plus_fem,median_age_tot,median_age_male,median_age_fem,inflow_returns,inflow_agi,outflow_returns,outflow_agi,state_fips_code_1,county_fips_code_1,number_of_returns_2,number_of_single_returns,number_of_joint_returns,number_of_head_of_household_returns,number_of_electronically_filed_returns,number_of_computer_prepared_paper_returns,number_with_paid_preparers_signature,number_of_returns_with_direct_deposit,number_of_returns_with_virtual_currency_indicator,number_of_individuals_3,number_of_refund_anticipation_check_returns_5,number_of_elderly_returns_6,adjusted_gross_income_agi_7,number_of_farm_returns,net_migration_returns,net_migration_agi
Alabama,5049196,2453002,2596194,294227,150368,143859,568866,290047,278819,265054,135371,129683,475424,237546,237878,4051803,1944006,2107797,3921049,1877216,2043833,1949632,963968,985664,1277137,625761,651376,1287898,625102,662796,880590,388807,491783,294227,150368,143859,308639,156987,151652,328210,167770,160440,334654,169518,165136,337841,168689,169152,324498,161584,162914,331746,162419,169327,312496,151882,160614,308397,149876,158521,300706,146205,154501,319390,156920,162470,334819,162687,172132,332983,159290,173693,291907,136297,155610,244890,112032,132858,158349,69707,88642,99863,41138,58725,85581,29633,55948,2761.8,2666.5,2854.4,2186785,168424215,2146027,164530724,67,4489,2149580,963670,753090,381200,2002390,69910,1183030,1391400,25040,4125960,424130,565600,158713459,44030,40758,3893491
Alaska,734420,385954,348466,48049,24588,23461,91830,47201,44629,38951,20108,18843,67376,38247,29129,574762,303904,270858,555590,294057,261533,312186,167962,144224,215908,114843,101065,174185,92014,82171,98121,48953,49168,48049,24588,23461,51021,26069,24952,50858,26368,24490,45715,24064,21651,50563,29055,21508,55787,30361,25426,58122,30406,27716,55315,29366,25949,46684,24710,21974,40812,21808,19004,42726,22671,20055,45342,23874,21468,45305,23661,21644,38378,19632,18746,28235,14604,13631,15996,7990,8006,8676,4068,4608,6836,2659,4177,1153.4,1168.4,1132.5,358141,31650557,367839,33061040,60,4208,348300,181320,121600,35760,321000,13280,142330,198730,7080,635470,47380,83980,30229762,1270,-9698,-1410483
Arizona,7274078,3632134,3641944,397409,202611,194798,814454,416281,398173,385970,197640,188330,674555,348363,326192,5866776,2913297,2953479,5676245,2815602,2860643,2875385,1480712,1394673,1913523,985160,928363,1734917,855419,879498,1353250,626660,726590,397409,202611,194798,440770,225283,215487,472347,241449,230898,472973,243209,229764,488889,252343,236546,501617,259720,241897,497737,257354,240383,469379,242003,227376,444790,226083,218707,418589,210123,208466,430593,215342,215251,438665,215153,223512,447070,214801,232269,413106,193820,219286,377522,177197,200325,259385,121256,138129,162896,75219,87677,140341,59168,81173,630.6,615.9,646.4,3428146,311154153,3342174,296473992,60,208,3372200,1689290,1152030,474120,3132110,124210,1561460,2057590,59970,6279990,470080,930050,286969138,9370,85972,14680161
Arkansas,3026870,1495032,1531838,181987,93172,88815,356626,183153,173473,166613,85213,81400,281030,143210,137820,2403674,1175484,1228190,2321644,1133494,1188150,1179555,594871,584684,774719,388355,386364,741240,365499,375741,524655,236430,288225,181987,93172,88815,193757,99618,94139,205676,105442,100234,202955,103880,99075,201881,102636,99245,195616,98588,97028,199254,99567,99687,192269,96325,95944,187580,93875,93705,176251,87467,88784,181871,90814,91057,192170,94536,97634,190948,92682,98266,169261,79960,89301,144052,66969,77083,95845,43126,52719,61300,26423,34877,54197,19952,34245,3137.7,3040.2,3240.9,1365301,103676966,1334673,101426419,375,5625,1296030,574460,486390,204370,1219390,37040,709570,838200,15810,2535050,239520,335510,95532279,41610,30628,2250547
California,39142565,19559536,19583029,2199725,1124659,1075066,4459094,2284968,2174126,2077203,1062942,1014261,3474349,1781630,1692719,31434574,15611890,15822684,30406543,15086967,15319576,16257799,8329418,7928381,11235533,5756528,5479005,9721774,4853888,4867886,5974887,2694921,3279966,2199725,1124659,1075066,2425439,1241705,1183734,2562941,1314945,1247996,2515006,1287573,1227433,2507260,1285317,1221943,2830501,1449868,1380633,3002050,1543293,1458757,2813674,1447942,1365732,2589308,1315425,1273883,2431758,1222238,1209520,2501600,1261092,1240508,2461006,1227477,1233529,2327410,1143081,1184329,1964472,935600,1028872,1600539,741790,858749,1048879,470333,578546,677749,290794,386955,683248,256404,426844,2350.4,2302.3,2406.2,18389664,2236191386,18999786,2334853495,348,3364,18487220,9539550,6142130,2466780,17116680,774120,11385090,10284730,416560,34442310,1733520,4454770,1989381435,56950,-610122,-98662109
Colorado,5814036,2944362,2869674,314686,160416,154270,630377,323037,307340,299375,153391,145984,528184,275861,252323,4718460,2383701,2334759,4569598,2307518,2262080,2497680,1299758,1197922,1745841,909388,836453,1412426,713214,699212,883147,409055,474092,314686,160416,154270,339682,173435,166247,366415,188484,177931,372817,192552,180265,379022,197818,181204,443651,231367,212284,463704,242170,221534,441796,231151,210645,396690,204700,191990,355128,183856,171272,354661,181858,172803,349126,173812,175314,353511,173688,179823,308865,149189,159676,250088,119662,130426,150228,69701,80527,90314,39516,50798,83652,30987,52665,2766.5,2719,2830.6,3337029,358091924,3313196,352403910,512,3983,2972420,1583870,1043580,277410,2768710,109220,1316120,1720880,64530,5250160,360520,721900,297750481,26050,23833,5688014
Connecticut,3606607,1769229,1837378,179818,91836,87982,366990,187225,179765,185743,94604,91139,338573,172258,166315,2967793,1443378,1524415,2874056,1395564,1478492,1383280,697993,685287,904955,454505,450450,981878,479624,502254,648650,289177,359473,179818,91836,87982,195475,99681,95794,217506,110918,106588,240329,122019,118310,237996,121469,116527,225625,115672,109953,227309,114405,112904,231642,115692,115950,220379,108736,111643,212518,103959,108559,247749,121171,126578,266392,129988,136404,255219,124506,130713,209721,100663,109058,169354,77975,91379,116388,51991,64397,73353,30742,42611,79834,27806,52028,380.5,367.9,393,1806692,238892025,1837530,242800920,81,1350,1823190,942050,609250,226030,1690740,72380,977540,1094150,34020,3203160,212200,529680,217625271,3220,-30838,-3908895
Delaware,1005062,487575,517487,53919,27619,26300,106402,54121,52281,49599,24843,24756,84614,42516,42098,819758,393327,426431,795142,380992,414150,371626,184753,186873,249921,123672,126249,260260,124287,135973,200347,90517,109830,53919,27619,26300,57737,29324,28413,61173,31075,30098,63381,31612,31769,58324,29469,28855,61463,30824,30639,67166,33093,34073,62612,31134,31478,58680,28621,30059,54340,26326,28014,62636,30098,32538,70300,33552,36748,72984,34311,38673,67034,31115,35919,56562,26239,30323,36417,16582,19835,21630,9512,12118,18704,7069,11635,128.8,124.30000000000001,133.1,503183,45335482,483642,42891835,30,9,503130,248990,170860,69320,465260,19150,239970,309930,7320,901500,71760,159110,42386802,1850,19541,2443647
District of Columbia,669256,318696,350560,40469,20770,19699,63188,32050,31138,21673,10853,10820,66205,29522,36683,554309,260207,294102,543926,255023,288903,337546,159706,177840,255490,122241,133249,136742,67804,68938,85489,35456,50033,40469,20770,19699,37637,19216,18421,31373,15744,15629,36149,17047,19102,45907,20418,25489,69911,31546,38365,75578,36549,39029,62756,30703,32053,47245,23443,23802,36270,18143,18127,34627,17557,17070,34074,16972,17102,31771,15132,16639,27751,12327,15424,22724,9679,13045,14780,6040,8740,9749,3822,5927,10485,3588,6897,34.8,34.7,34.9,389093,51504291,397503,56235389,0,0,0,0,0,0,0,0,0,0,0,0,0,0,0,0,-8410,-4731098
Florida,21831949,10722008,11109941,1100360,561693,538667,2165287,1107761,1057526,1015069,518156,496913,1764172,895341,868831,18052423,8790442,9261981,17551233,8534398,9016835,8002151,4044910,3957241,5481738,2763522,2718216,5681959,2776836,2905123,4623364,2098699,2524665,1100360,561693,538667,1179621,603292,576329,1244494,636578,607916,1252673,639693,612980,1267740,641695,626045,1334468,677911,656557,1432442,723529,708913,1383742,697611,686131,1331086,664471,666615,1303837,645706,658131,1397129,691922,705207,1499436,731283,768153,1481557,707925,773632,1352012,628553,723459,1237241,574429,662812,888851,407968,480883,586865,262252,324613,558395,225497,332898,2976.8,2884,3081.6,11679277,1228650618,11157556,1079255170,804,4550,11129620,5623290,3559950,1640470,10240700,478670,6139410,6838710,219500,19730730,1657100,3234300,1121879067,37010,521721,149395448
Georgia,10792060,5262969,5529091,636244,325140,311104,1285414,654678,630736,615599,313292,302307,1013497,513821,499676,8558744,4124308,4434436,8254803,3969859,4284944,4394371,2177345,2217026,2922540,1430489,1492051,2738390,1329454,1408936,1580376,696095,884281,636244,325140,311104,690812,350885,339927,751867,384050,367817,747396,380414,366982,724435,366442,357993,740114,367862,372252,752832,368370,384462,723099,352612,370487,706495,341645,364850,685645,332236,353409,712284,350184,362100,698909,339849,359060,641552,307185,334367,537959,249037,288922,446308,201657,244651,283545,125003,158542,169635,70624,99011,142929,49774,93155,6452.3,6245.3,6685,5321174,456010684,5212345,452262878,2067,25677,4932020,2367430,1571630,856570,4574720,166780,2518020,3113460,77280,9315340,955270,1120890,405098838,49830,108829,3747806
Hawaii,1447029,728143,718886,81634,42130,39504,155286,80069,75217,64289,33025,31264,117601,64584,53017,1177661,589263,588398,1145820,572919,572901,551243,287971,263272,385821,198866,186955,353790,176968,176822,288608,132501,156107,81634,42130,39504,87663,45413,42250,84091,43160,40931,77663,40511,37152,87759,48594,39165,94394,49797,44597,100224,51501,48723,99314,50815,48499,91889,46753,45136,83461,42120,41341,87451,43909,43542,90481,45157,45324,92397,45782,46615,87564,42548,45016,77415,37336,40079,51266,24058,27208,31525,13769,17756,40838,14790,26048,223.7,216.7,231.1,688954,60643694,702732,59284871,60,20,689970,359650,240310,71170,617750,39720,356070,383140,9090,1238060,77640,215970,57673018,5350,-13778,1358823
Idaho,1904848,957486,947362,113921,58559,55362,238658,122043,116615,113206,58187,55019,186993,93605,93388,1494932,747396,747536,1439063,718697,720366,765706,389010,376696,494494,252164,242330,441430,222041,219389,316146,150887,165259,113921,58559,55362,128298,65484,62814,139347,71505,67842,145233,71341,73892,125979,65505,60474,123064,63904,59160,124077,62423,61654,125312,63544,61768,122041,62293,59748,107340,55212,52128,107114,54749,52365,110506,54804,55702,116470,57276,59194,106997,52462,54535,88837,43708,45129,56427,27038,29389,34410,15982,18428,29475,11697,17778,1792.4,1775.5,1810.6,936813,85869267,902176,78730544,704,1936,869630,395780,380940,81790,816460,26960,430010,506600,16030,1736190,105870,243430,72830714,19500,34637,7138723
Illinois,12700641,6278754,6421887,706982,361138,345844,1422070,727372,694698,683056,349161,333895,1146518,584324,562194,10230133,5016243,5213890,9888533,4841083,5047450,5064957,2563725,2501232,3407045,1717613,1689432,3235104,1605228,1629876,2099866,933918,1165948,706982,361138,345844,768438,392914,375524,825294,421831,403463,839866,430723,409143,818046,415389,402657,855253,430847,424406,866217,436983,429234,859135,433869,425266,826440,415914,410526,774129,387899,386230,810208,405144,405064,830445,411429,419016,820322,400756,419566,696334,332147,364187,562030,260035,301995,362584,160311,202273,237389,98028,139361,241529,83397,158132,4302.9,4185.1,4440.9,5961659,607754830,6155439,648910930,1734,10404,6112930,3117160,2047420,820910,5680430,236980,3381360,3898350,106510,11105590,778550,1620440,580872582,63500,-193780,-41156100
Indiana,6815907,3381263,3434644,410543,210444,200099,807552,414003,393549,378489,194115,184374,657859,336587,321272,5407239,2659227,2748012,5219323,2562701,2656622,2693663,1364653,1329010,1753399,883126,870273,1692114,842375,849739,1115951,500613,615338,410543,210444,200099,439764,225794,213970,463872,237384,226488,467005,240113,226892,473259,241414,231845,450407,228853,221554,443438,222470,220968,433527,217670,215857,426027,214133,211894,400379,201085,199294,419304,211338,207966,436504,216329,220175,435927,213623,222304,376131,180560,195571,303670,141784,161886,191949,85602,106347,124595,51857,72738,119606,40810,78796,3733,3642.3,3830.9,3315183,257999056,3317983,260501869,1656,8464,3246860,1587610,1176440,409550,3058270,99190,1593320,2144720,42830,6055000,494450,904020,246532474,48650,-2800,-2502813
Iowa,3198613,1603494,1595119,189265,96609,92656,373463,191386,182077,174563,89670,84893,318987,163810,155177,2547298,1270047,1277251,2461322,1225829,1235493,1249518,642464,607054,800692,411954,388738,773323,390550,382773,568320,259515,308805,189265,96609,92656,203210,103959,99251,214977,110397,104580,222255,114180,108075,226571,116330,110241,201511,104385,97126,195867,100132,95735,204786,105304,99482,198528,102133,96395,174949,89610,85339,186509,95211,91298,201513,101046,100467,210352,104683,105669,185273,91451,93822,150066,71924,78142,94525,43374,51151,66027,28108,37919,72429,24658,47771,4123.4,4012.7,4246.7,1530413,124335877,1551244,126612486,1881,9801,1486180,713650,594740,153370,1418520,31230,897290,923910,18630,2817160,176650,436820,122193528,77160,-20831,-2276609
Kansas,2938338,1474631,1463707,179173,92028,87145,359779,184080,175699,166110,85463,80647,298446,156377,142069,2315360,1155385,1159975,2233276,1113060,1120216,1177460,607515,569945,755347,387415,367932,692544,346855,345689,486939,222413,264526,179173,92028,87145,195069,99640,95429,207153,106180,100973,207804,107619,100185,214309,112481,101828,191812,99693,92119,187090,95854,91236,193930,98389,95541,182515,93479,89036,161881,82542,79339,166033,84188,81845,179204,89211,89993,185426,90914,94512,162317,79014,83303,129924,62088,67836,82126,37441,44685,54214,22998,31216,58358,20872,37486,4299.7,4185.7,4431.2,1394469,119686685,1410904,122220873,2100,11025,1361590,650530,531020,149090,1291970,35680,709090,830230,21030,2592630,177760,396840,112503104,51270,-16435,-2534188
Kentucky,4507583,2234440,2273143,267443,136926,130517,515462,264841,250621,239541,122573,116968,406215,209108,197107,3603741,1770745,1832996,3485137,1710100,1775037,1739701,884556,855145,1155100,584174,570926,1155757,571324,584433,768065,345494,422571,267443,136926,130517,281893,144910,136983,294724,151230,143494,289060,148370,140690,295541,152012,143529,295901,152266,143635,294648,148317,146331,280715,141087,139628,283836,142504,141332,271426,136357,135069,286781,143435,143346,301282,147894,153388,296268,143638,152630,258999,123138,135861,215703,100664,115039,134412,60072,74340,85087,35764,49323,73864,25856,48008,4945.8,4802.9,5097.8,2049411,146540330,2033912,146281065,2520,14400,1976100,922290,740040,267150,1872210,53160,1072250,1296690,21760,3756740,324630,505770,139060516,69810,15499,259265
Louisiana,4627971,2266191,2361780,289112,147619,141493,553006,281945,271061,250240,127840,122400,420656,211847,208809,3658145,1771409,1886736,3535613,1708787,1826826,1841121,919524,921597,1235129,613007,622122,1125363,547728,577635,754465,336205,418260,289112,147619,141493,304059,154910,149149,313851,160205,153646,303020,154086,148934,302972,152431,150541,303605,152427,151178,321763,158658,163105,316050,156204,159846,293711,145718,147993,259552,128403,131149,273807,134061,139746,295220,142865,152355,296784,142399,154385,258594,122129,136465,208565,96080,112485,130644,57655,72989,82922,34246,48676,73740,26095,47645,2491.8,2405.5,2585.5,1978588,139639944,2041983,143643684,1408,4096,1970600,913100,604390,418330,1815550,78550,1042330,1315470,22650,3765400,438740,497410,140739714,30370,-63395,-4003740
Maine,1378931,679486,699445,62777,32220,30557,127023,65282,61741,62640,32278,30362,109315,56031,53284,1158022,566023,591999,1126491,549706,576785,488617,246608,242009,332260,166280,165980,384237,188541,195696,300679,138854,161825,62777,32220,30557,68320,35112,33208,74301,38151,36150,79752,41069,38683,76605,39259,37346,80542,40660,39882,86259,43129,43130,84665,42264,42401,80794,40227,40567,78923,39043,39880,91877,45481,46396,103703,50848,52855,109734,53169,56565,99503,48024,51479,84131,40381,43750,52699,24778,27921,32531,14092,18439,31815,11579,20236,746.6,729.5,764.1,739892,61234050,716745,58170136,368,256,710910,370710,261320,62860,654990,28290,318260,417900,9540,1219690,94890,233060,54431699,4300,23147,3063914
Maryland,6179403,3008789,3170614,358533,182687,175846,696629,356161,340468,320445,163482,156963,525850,265868,259982,4962373,2387009,2575364,4803796,2306459,2497337,2419692,1205461,1214231,1655240,818239,837001,1622119,784402,837717,1000587,437950,562637,358533,182687,175846,379293,193666,185627,399179,204623,194556,392227,199443,192784,372225,187779,184446,395168,197115,198053,428997,212248,216749,427724,210532,217192,403351,198344,205007,372889,181764,191125,412443,199960,212483,432116,208613,223503,404671,194065,210606,331461,153978,177483,271327,122490,148837,176843,77158,99685,111099,45936,65163,109857,38388,71469,993.5,963,1024.5,3058472,315906295,3125655,327840380,576,1079,3095180,1588220,956640,439430,2781370,165810,1549450,1831680,52890,5548220,388760,810340,295351827,11200,-67183,-11934085
Massachusetts,7000474,3420996,3579478,348013,177997,170016,685070,350879,334191,332922,170302,162620,690181,340473,349708,5802833,2807945,2994888,5634469,2721818,2912651,2824143,1409621,1414522,1883377,941041,942336,1844393,901848,942545,1216518,538456,678062,348013,177997,170016,370888,189312,181576,396519,203762,192757,459953,230737,229216,480813,237843,242970,487526,245672,241854,497583,249185,248398,469804,234124,235680,428464,212060,216404,411328,202045,209283,464977,227575,237402,494212,241979,252233,473876,230249,243627,399722,189197,210525,329288,151796,177492,212603,94163,118440,133607,54939,78668,141298,48361,92937,594.1,578.5,608.7,3531925,477033306,3638968,493221370,350,196,3567650,1951360,1164290,367990,3301140,148240,2004140,2018200,70400,6081910,345830,984430,422260334,4840,-107043,-16188064
Michigan,10041351,4978153,5063198,548657,280720,267937,1086988,557571,529417,520760,267153,253607,916153,467917,448236,8146044,4006599,4139445,7884946,3872709,4012237,3834601,1947393,1887208,2527983,1279230,1248753,2618783,1297675,1321108,1822027,827887,994140,548657,280720,267937,590891,302949,287942,626392,321529,304863,639426,328247,311179,667192,339916,327276,663048,339504,323544,655606,331820,323786,612040,309126,302914,597289,298780,298509,577010,287096,289914,648522,324107,324415,689680,341982,347698,703571,344490,359081,616597,296275,320322,499833,234876,264957,316880,144127,172753,199069,85282,113787,189648,67327,122321,3749.7,3666.2,3841.9,4839037,402895329,4885960,408496592,2158,6889,4871600,2509810,1719610,547640,4557430,161540,2631040,3041350,80080,8751900,655020,1485190,379716359,38150,-46923,-5601263
Minnesota,5718660,2867665,2850995,337966,173006,164960,671183,343737,327446,310341,158233,152108,500379,253828,246551,4553162,2271216,2281946,4399170,2192689,2206481,2249283,1148191,1101092,1517457,776366,741091,1421613,718912,702701,959721,443583,516138,337966,173006,164960,366979,187648,179331,383098,196325,186773,376061,191870,184191,355765,179955,175810,368116,187817,180299,381425,195474,185951,398560,203489,195071,369356,189586,179770,320137,163929,156208,345806,176194,169612,375251,188998,186253,380419,189791,190628,321156,158399,162757,255142,122707,132435,161281,74631,86650,107689,46897,60792,114453,40949,73504,3635.8,3576.7,3700.7,2938324,283657293,2973775,292726044,2349,7569,2871950,1485110,1068200,270620,2697390,84580,1541880,1693920,48710,5231510,270610,811160,263406080,64650,-35451,-9068751
Mississippi,2947209,1430580,1516629,177223,90140,87083,347339,176673,170666,168031,85853,82178,283550,143012,140538,2336525,1119681,1216844,2254616,1077914,1176702,1152110,570644,581466,744469,364320,380149,732706,353255,379451,493891,217327,276564,177223,90140,87083,185460,93994,91466,205819,105220,100599,206718,105075,101643,200923,101249,99674,189586,94358,95228,188640,92140,96500,183387,89169,94218,182856,88653,94203,172676,83379,89297,181034,87994,93040,189454,91666,97788,189542,90216,99326,165430,77161,88269,137103,63141,73962,86628,38115,48513,55975,22628,33347,48755,16282,32473,3229.8,3100.5,3367.4,1284601,80179555,1292726,79660256,2296,6724,1245460,549660,385930,281390,1167850,38590,687140,842190,11780,2422130,293770,310610,77897342,42100,-8125,519299
Missouri,6171374,3047561,3123813,360615,185102,175513,699654,358976,340678,327382,167780,159602,563324,287085,276239,4945596,2418642,2526954,4783723,2335703,2448020,2408027,1215651,1192376,1600751,803589,797162,1541889,761478,780411,1077759,483551,594208,360615,185102,175513,380605,194974,185631,402479,206805,195674,401810,206357,195453,405466,205705,199761,405141,204685,200456,409672,204358,205314,403999,202903,201096,381939,191643,190296,348833,173823,175010,372127,185596,186531,405462,199826,205636,415467,202233,213234,354879,168991,185888,290735,135008,155727,189587,85227,104360,123015,52047,70968,119543,42278,77265,4786.1,4665.9,4912.8,3002277,244231752,2987624,246523530,3335,13537,2880350,1398700,1060770,351980,2695870,92110,1450040,1790560,41110,5366170,405540,841890,225482587,93090,14653,-2291778
Montana,1106522,560874,545648,58673,29971,28702,121142,62472,58670,55513,28606,26907,100136,53027,47109,898521,453884,444637,871194,439825,431369,425668,220811,204857,284286,146566,137720,269238,135339,133899,217534,104893,112641,58673,29971,28702,66194,34153,32041,69215,35707,33508,67783,35232,32551,73599,39013,34586,71855,37318,34537,71731,36751,34980,72184,37127,35057,68516,35370,33146,59228,30464,28764,61599,31455,30144,69626,34679,34947,78785,38741,40044,74471,36635,37836,61114,30627,30487,37163,18276,18887,23307,10905,12402,21479,8450,13029,2502.2,2466.3,2543.6,584136,52742303,559019,47968674,1680,3136,550530,281510,210770,47050,518430,16330,287000,306480,8340,986720,68510,171140,44951354,18600,25117,4773629
Nebraska,1964537,987755,976782,126937,65055,61882,246380,126735,119645,111752,57417,54335,189270,96850,92420,1534882,767036,767846,1479468,738548,740920,782353,401420,380933,509768,261789,247979,458839,232433,226406,321591,147476,174115,126937,65055,61882,135244,69451,65793,139573,71920,67653,136983,70294,66689,135602,69337,66265,128112,65736,62376,125527,64500,61027,132572,68113,64459,123557,63440,60117,108718,55683,53035,109591,56212,53379,118320,59659,58661,122210,60879,61331,106845,52188,54657,86599,41252,45347,53661,24690,28971,36077,15434,20643,38409,13912,24497,3996.9,3913,4089.4,951093,82509387,956367,83593355,2883,8649,940890,458880,364540,100780,896380,22860,502490,583750,13190,1792770,111570,257250,79786035,42070,-5274,-1083968
Nevada,3148141,1586135,1562006,176856,90434,86422,354984,181804,173180,163266,83380,79886,251874,129603,122271,2532842,1271237,1261605,2453035,1230517,1222518,1257831,643532,614299,885036,452135,432901,791917,400419,391498,524208,248360,275848,176856,90434,86422,192382,98590,93792,204947,104800,100147,189228,97379,91849,183567,94018,89549,219728,111896,107832,234661,119870,114791,223360,114565,108795,207287,105804,101483,194174,98066,96108,203375,104186,99189,200489,101642,98847,193879,96525,97354,174261,83887,90374,150718,72084,78634,98366,46947,51419,57338,27044,30294,43525,18398,25127,749.2,743.6,755.2,1586328,162997292,1546526,151235783,544,774,1553280,816620,472500,232270,1451000,50170,807750,984460,27980,2792660,237810,386160,145955713,4770,39802,11761509
New Hampshire,1387677,692505,695172,63046,32145,30901,129342,66516,62826,65074,33314,31760,118344,60277,58067,1163059,577307,585752,1130215,560530,569685,513786,263187,250599,346445,177870,168575,396094,197240,198854,269332,125143,144189,63046,32145,30901,69170,35510,33660,76249,39280,36969,82932,42170,40762,84409,43147,41262,87340,45437,41903,90893,46988,43905,87385,44668,42717,80827,40777,40050,80236,40158,40078,96667,48438,48229,108761,53916,54845,110430,54728,55702,92134,45135,46999,74744,36051,38693,46260,21673,24587,27740,12173,15567,28454,10111,18343,453.8,442.6,465.2,765675,85984092,750836,82258200,330,100,731900,375450,278850,59030,677810,26530,314780,439060,12220,1266080,82010,231290,76861362,1980,14839,3725892
New Jersey,9270541,4560678,4709863,523872,268492,255380,1022659,522904,499755,484492,247299,237193,773780,394178,379602,7481463,3645569,3835894,7239518,3521983,3717535,3548870,1794721,1754149,2412588,1215436,1197152,2496281,1227540,1268741,1556869,684829,872040,523872,268492,255380,554381,283382,270999,590268,301714,288554,582738,299073,283665,553544,280212,273332,583737,294952,288785,609415,308465,300950,616881,311179,305702,602555,300840,301715,582117,289498,292619,634574,312670,321904,657767,322522,335245,621823,302850,318973,506321,239797,266524,410879,187615,223264,276427,120587,155840,178683,73029,105654,184559,63801,120758,869.2,843,896.3,4556335,536443986,4651090,559355133,714,441,4638300,2329120,1564780,626180,4293670,193760,3039410,2669040,99980,8430780,468810,1238790,504305139,8810,-94755,-22911147
New Mexico,2117333,1052907,1064426,113029,57800,55229,240342,122528,117814,114589,58309,56280,197357,102502,94855,1706212,843138,863074,1649373,814270,835103,829653,426287,403366,546861,280408,266453,506664,248072,258592,398491,183288,215203,113029,57800,55229,128273,65431,62842,141223,72029,69194,142270,72778,69492,140522,73101,67421,138679,71775,66904,140804,72279,68525,139687,71562,68125,127691,64792,62899,115798,57680,58118,119718,59232,60486,131521,63997,67524,139627,67163,72464,129389,60771,68618,112959,53550,59409,72089,33465,38624,44799,20050,24749,39255,15452,23803,1423.3,1386.8,1465,1000778,69111047,1001050,69442237,1155,995,987930,511690,304230,156810,909550,39570,434580,624280,11910,1783400,157450,294480,64843347,13120,-272,-331190
New York,19848276,9692800,10155476,1096903,560764,536139,2067598,1059283,1008315,946949,485170,461779,1764649,883377,881272,16212357,7830893,8381464,15736826,7587583,8149243,7841723,3920585,3921138,5366898,2673690,2693208,5146258,2512253,2634005,3459021,1518263,1940758,1096903,560764,536139,1140733,583515,557218,1163638,597420,566218,1218810,620155,598655,1256015,626740,629275,1381261,684610,696651,1433350,718112,715238,1324955,662562,662393,1227332,608406,618926,1167000,573622,593378,1295560,636825,658735,1365935,665074,700861,1317763,636732,681031,1111577,526470,585107,919599,420292,499307,603651,262093,341558,400497,162692,237805,423697,146716,276981,2600.3,2532.7,2673,9699413,1105336855,10155070,1164859714,2232,3844,9766950,5251650,2831780,1414730,9234290,244420,6303300,5835110,189710,17009150,1093280,2541840,1017601266,28220,-455657,-59522859
North Carolina,10564320,5166737,5397583,595739,304361,291378,1168472,596313,572159,554149,282984,271165,1000758,513274,487484,8519617,4122450,4397167,8245960,3983079,4262881,4165106,2083532,2081574,2751734,1359822,1391912,2714143,1321017,1393126,1779325,788966,990359,595739,304361,291378,629932,321026,308906,680075,347835,332240,706606,359735,346871,706766,363975,342791,702678,353029,349649,713565,351336,362229,673404,331519,341885,662087,323938,338149,652342,320127,332215,694837,342195,352642,694694,337765,356929,672270,320930,351340,590668,274469,316199,500506,229175,271331,321257,143572,177685,194123,81181,112942,172771,60569,112202,4325.5,4170.3,4483.8,5272897,453606026,5077085,433239850,3700,10000,4942700,2315710,1776830,723930,4596680,185300,2391000,2997840,78080,9282730,792600,1290610,412034944,40520,195812,20366176
North Dakota,777966,399375,378591,51411,26393,25018,94063,47944,46119,39545,20284,19261,86149,45359,40790,612238,314639,297599,592947,304754,288193,326058,172916,153142,210622,112553,98069,170661,88130,82531,125515,58712,66803,51411,26393,25018,53058,27017,26041,51263,26207,25056,53059,27525,25534,62377,32838,29539,55701,29585,26116,55347,29634,25713,53407,28621,24786,46167,24713,21454,38795,20385,18410,39698,20729,18969,44432,22696,21736,47736,24320,23416,41810,21170,20640,31869,15946,15923,20341,9591,10750,14082,6035,8047,17413,5970,11443,2265.1,2229.9,2304,388343,35926618,395185,37130407,2014,2809,368190,185600,140890,35060,350140,8570,203220,219120,5950,686220,47700,100330,33696269,25110,-6842,-1203789
Ohio,11767344,5805020,5962324,675091,344989,330102,1317908,675043,642865,619548,317127,302421,1028193,524397,503796,9463183,4625607,4837576,9154797,4467861,4686936,4504108,2274892,2229216,3012936,1513666,1499270,3013450,1490498,1522952,2100218,939300,1160918,675091,344989,330102,720448,368790,351658,754029,386551,367478,751191,385466,365725,739981,375760,364221,770550,390120,380430,784685,393678,391007,742921,372209,370712,714780,357659,357121,677991,338559,339432,745730,373034,372696,782604,385965,396639,807125,392940,414185,701532,335797,365735,576641,267894,308747,357026,158690,198336,236418,97414,139004,228601,79505,149096,3635.7,3544.3,3725.2,5727213,461420770,5760324,470586322,3432,7744,5691980,2793050,1836790,695990,5365210,163990,2768440,3688930,81750,10168720,823800,1599930,438385976,67330,-33111,-9165552
Oklahoma,3992238,1988754,2003484,246980,126597,120383,493142,252535,240607,223294,114293,109001,391080,202570,188510,3138992,1551723,1587269,3028822,1495329,1533493,1615159,824758,790401,1058194,537277,520917,938645,466326,472319,640903,289156,351747,246980,126597,120383,269963,138287,131676,280588,143630,136958,275892,141835,134057,281073,145646,135427,267921,137714,130207,270644,136345,134299,269352,136453,132899,250277,126765,123512,226274,114026,112248,228042,115077,112965,239967,118516,121451,244362,118707,125655,212346,101130,111216,173161,80614,92547,114648,51420,63228,73958,31435,42523,66790,24557,42233,3039.4,2964,3124.2,1798157,129400340,1756706,127155161,3080,5929,1713530,777440,654170,240070,1606910,51440,861930,1125260,22500,3378890,299020,459030,125327302,76850,41451,2245179
Oregon,4254280,2121542,2132738,212447,108741,103706,442966,227195,215771,205792,105676,100116,358807,182727,176080,3494711,1732147,1762564,3393075,1679930,1713145,1703607,867658,835949,1191709,606262,585447,1048996,524260,524736,793563,366681,426882,212447,108741,103706,239581,122932,116649,256086,131270,124816,251285,128962,122323,260613,132434,128179,288468,147027,141441,309892,157502,152390,304254,154796,149458,289095,146937,142158,258703,132325,126378,261392,132884,128508,257721,127987,129734,271180,131064,140116,263327,125461,137866,226642,107745,118897,141402,65992,75410,84239,37731,46508,77953,29752,48201,1576.3,1546.1,1607.6,2164955,198712853,2167614,201238572,1476,1296,2030970,1056610,736430,196660,1888700,70510,862400,1162400,39270,3622350,251210,573480,174262774,30360,-2659,-2525719
Pennsylvania,13015571,6415901,6599670,684861,351005,333856,1354466,693992,660474,639639,327947,311692,1173457,591684,581773,10656216,5206755,5449461,10336605,5042957,5293648,4960304,2509959,2450345,3308270,1672940,1635330,3383797,1674393,1709404,2471081,1103940,1367141,684861,351005,333856,736183,376596,359587,779345,400008,379337,841622,427087,414535,810412,409932,400480,823722,418948,404774,878647,445219,433428,831217,420512,410705,774684,388261,386423,735753,368028,367725,834216,416554,417662,895522,441343,454179,918306,448468,469838,805549,387160,418389,660922,308946,351976,425904,189648,236256,282146,117180,164966,296560,101006,195554,2918.2,2829,3018.9,6287576,579645585,6356314,591817663,2814,4489,6325550,3230600,2218060,727380,5866640,233420,3263250,3928020,91960,11264040,801080,1898710,549899397,43700,-68738,-12172078
Rhode Island,1097246,537808,559438,53781,27372,26409,104080,53353,50727,50750,26054,24696,110772,55014,55758,914291,444241,470050,888635,431029,457606,438070,221464,216606,289068,146781,142287,289184,140966,148218,199611,88268,111343,53781,27372,26409,56889,29100,27789,59711,30638,29073,73307,36607,36700,75695,38076,37619,73918,37716,36202,78888,40109,38779,71047,36165,34882,65215,32791,32424,61829,30594,31235,72066,35259,36807,78289,38067,40222,77000,37046,39954,65613,31172,34441,52776,24637,28139,34309,15423,18886,21934,9008,12926,24979,8028,16951,217,209,225.1,560218,51354407,566856,51900226,220,25,568380,315370,167320,68560,530520,18920,334670,349450,9030,944310,66470,155890,47930430,840,-6638,-545819
South Carolina,5194274,2527759,2666515,285410,146020,139390,570356,290459,279897,267163,136036,131127,472028,242232,229796,4201868,2021678,2180190,4071345,1955244,2116101,1984169,987521,996648,1314369,644603,669766,1324859,638194,686665,960089,430215,529874,285410,146020,139390,306339,156222,150117,333408,169587,163821,336804,172390,164414,332996,170528,162468,328878,163448,165430,344382,167611,176771,325613,159387,166226,315496,154157,161339,303523,147928,155595,327502,159753,167749,346620,166175,180445,347214,164338,182876,317852,146700,171152,277448,128206,149242,176685,80329,96356,102917,44442,58475,85187,30538,54649,1944.4,1861.4,2028.1,2622268,217849429,2476726,196765351,2070,2116,2481110,1159530,859400,380280,2317770,82720,1239020,1511800,32940,4593490,412260,688190,191359832,21550,145542,21084078
South Dakota,896492,455626,440866,58742,29975,28767,111485,57298,54187,49559,25478,24081,82515,43105,39410,700964,355372,345592,676706,342875,333831,344590,179541,165049,225380,117567,107813,211051,107774,103277,157760,74429,83331,58742,29975,28767,61256,31427,29829,63093,32480,30613,60112,31114,28998,59098,30860,28238,56411,29515,26896,56945,29516,27429,58120,30536,27584,53904,28000,25904,46362,24129,22233,48364,24950,23414,55688,28211,27477,60637,30484,30153,55196,27752,27444,42493,21417,21076,24794,11759,13035,16186,7038,9148,19091,6463,12628,2671,2628.7,2719.4,475971,43568897,459493,41105917,3036,4485,441510,216140,174220,43040,419640,10700,239360,267150,6840,827350,52890,133120,38532855,30180,16478,2462980
Tennessee,6965740,3416869,3548871,407810,208392,199418,782723,400515,382208,365858,187041,178817,615621,311168,304453,5589847,2713088,2876759,5409349,2620921,2788428,2732680,1365169,1367511,1844870,914937,929933,1777523,869870,907653,1171335,524946,646389,407810,208392,199418,426146,217945,208201,450246,230547,219699,439125,224554,214571,448685,225678,223007,480603,239375,241228,481081,238027,243054,447362,221882,225480,435824,215653,220171,421529,208690,212839,448162,222155,226007,460384,224306,236078,447448,214719,232729,391821,183881,207940,329034,152489,176545,210844,95188,115656,129303,54564,74739,110333,38824,71509,4027.7,3910.9,4155.2,3485441,301207212,3338247,280100461,4465,9025,3248040,1536580,1181740,447260,3047360,97410,1552250,2134360,46960,6112580,541680,829440,267286449,63510,147194,21106751
Texas,29570351,14757064,14813287,1902853,971518,931335,3811492,1946354,1865138,1744654,891356,853298,2864614,1468933,1395681,22973709,11387892,11585817,22111352,10947836,11163516,12553658,6390271,6163387,8390042,4258156,4131886,6962198,3461889,3500309,3894498,1758858,2135640,1902853,971518,931335,2080729,1061613,1019116,2176415,1112915,1063500,2126763,1089310,1037453,2036853,1042805,994048,2107898,1075105,1032793,2157894,1093683,1064211,2129958,1082019,1047939,1994292,1007349,986943,1844965,924745,920220,1787095,896689,890406,1714738,850454,864284,1615400,790001,825399,1343319,637644,705675,1071005,497077,573928,681238,306566,374672,421082,179064,242018,377854,138507,239347,10051.8,9813.2,10339.1,14054912,1311629149,13686754,1270868336,12192,64516,13639740,6487040,4775340,2115560,12566440,590070,6576220,8979570,241810,26773170,2474800,2960780,1251785808,246920,368158,40760813
Utah,3339738,1690745,1648993,238338,122085,116253,484176,248940,235236,226097,116481,109616,383368,194913,188455,2502491,1260261,1242230,2391127,1203239,1187888,1505068,769068,736000,953619,487810,465809,666759,337635,329124,387381,182881,204500,238338,122085,116253,261118,133953,127165,281074,145123,135951,272475,138422,134053,278974,142836,136138,254430,131112,123318,234250,119006,115244,231759,117932,113827,233180,119760,113420,189790,97462,92328,166896,85613,81283,155252,78014,77238,154821,76546,78275,134185,65673,68512,106672,51330,55342,68109,31650,36459,42285,19246,23039,36130,14982,21148,1040.1,1032,1047.7,1524407,156398242,1517558,151688677,1421,841,1514460,713960,639660,133280,1419500,54330,728750,935570,35770,3103120,166170,308020,141159761,13930,6849,4709565
Vermont,647210,321639,325571,28371,14475,13896,59744,30961,28783,29335,15249,14086,64647,32922,31725,544498,268662,275836,529760,260954,268806,242680,122997,119683,156023,78609,77414,174594,86545,88049,134496,62878,71618,28371,14475,13896,32258,16646,15612,34811,18098,16713,41934,21661,20273,44723,22727,21996,38711,19797,18914,39366,19960,19406,39824,19927,19897,38122,18925,19197,36206,18245,17961,41805,20807,20998,46657,22960,23697,49926,24533,25393,45250,22123,23127,37830,18387,19443,23730,11165,12565,14095,6286,7809,13591,4917,8674,635.2,620.8,648.7,353715,30680792,351809,29362927,700,196,336880,180900,120960,27920,313870,10890,156100,193220,4570,570210,37930,113130,26937588,3930,1906,1317865
Virginia,8658910,4281664,4377246,494791,253090,241701,957054,490597,466457,443710,227532,216178,798928,408727,390201,6983174,3422907,3560267,6763355,3310445,3452910,3471538,1757528,1714010,2341960,1179384,1162576,2212543,1090130,1122413,1409924,632204,777720,494791,253090,241701,522901,267945,254956,547213,280767,266446,560190,285072,275118,569388,293072,276316,581762,296234,285528,597999,300219,297780,597102,300431,296671,565097,282500,282597,528147,263615,264532,559057,277332,281725,577804,283731,294073,547535,265452,282083,463188,219073,244115,388816,179783,209033,254770,114224,140546,158207,67313,90894,144943,51811,93132,5652.3,5479,5836.8,4517706,455573867,4525803,464162431,6783,35111,4160310,2041770,1508390,488000,3840450,168140,1854010,2564560,77850,7705600,544820,1098770,410890827,36520,-8097,-8588564
Washington,7743760,3901782,3841978,436225,223384,212841,861934,441795,420139,383956,196745,187211,642460,334787,307673,6250371,3136335,3114036,6061645,3039858,3021787,3198122,1654462,1543660,2270738,1173778,1096960,1886304,949349,936955,1262143,581944,680199,436225,223384,212841,472985,242695,230290,487981,249948,238033,452433,232423,220010,474951,248261,226690,565115,294388,270727,609776,315946,293830,577648,298082,279566,518199,265362,252837,457955,233225,224730,475362,242422,232940,474447,237597,236850,478540,236105,242435,429161,206163,222998,353460,167125,186335,221821,103011,118810,132244,58869,73375,125457,46776,78681,1667.4,1634.1,1702.1,3970528,474184309,3963270,481017409,2067,1521,3757450,1890550,1429810,370850,3498540,122150,1542710,2266230,91410,6937900,436780,994150,416503270,21720,7258,-6833100
West Virginia,1785618,891784,893834,89097,45649,43448,182841,93826,89015,86563,44708,41855,155579,80685,74894,1470201,729879,740322,1427117,707601,719516,648901,334104,314797,428669,219995,208674,473153,236684,236469,369716,170237,199479,89097,45649,43448,99123,50790,48333,105628,54320,51308,108855,56545,52310,111377,57564,53813,106725,55637,51088,107509,55197,52312,103668,53104,50564,110767,56057,54710,109065,55388,53677,116305,59113,57192,120669,59950,60719,127114,62233,64881,119400,57476,61924,106057,50669,55388,65074,30273,34801,42329,18411,23918,36856,13408,23448,2467.6,2411.3,2532.1,798108,51303689,796625,51517098,2970,3025,776160,363910,302570,91380,723610,27820,345260,525670,6530,1452100,135830,234630,50575539,15270,1483,-213409
Wisconsin,5881608,2945365,2936243,319993,163572,156421,645498,331062,314436,310226,159306,150920,537365,273307,264058,4759832,2370373,2389459,4605891,2291425,2314466,2247075,1146522,1100553,1478277,754422,723855,1529517,770165,759352,1060732,493531,567201,319993,163572,156421,347078,177658,169420,377213,193917,183296,380184,194988,185196,388614,197112,191502,371523,190591,180932,362953,185432,177521,378968,192414,186554,364833,185985,178848,331395,168559,162836,368923,187411,181512,410961,205655,205306,418238,208540,209698,360119,177918,182201,288750,140025,148725,179627,83564,96063,116626,50658,65968,115610,41366,74244,3190.6,3138.5,3245.5,2997358,259148443,3001452,260326475,3960,5119,2941070,1516620,1113180,277470,2772340,78260,1535050,1766130,40870,5296320,310920,881350,241682780,52940,-4094,-1178032
Wyoming,579636,296480,283156,32200,16448,15752,68263,35169,33094,32041,16442,15599,52218,27585,24633,462745,236416,226329,447132,228421,218711,226449,117851,108598,150502,78092,72410,139902,71780,68122,104510,50964,53546,32200,16448,15752,36514,18935,17579,40061,20502,19559,38549,19976,18573,37398,19783,17615,35360,18281,17079,38125,19792,18333,39850,20643,19207,37167,19376,17791,32088,16805,15283,32279,16801,15478,35148,17771,17377,40387,20403,19984,37062,18835,18227,29022,14694,14328,17488,8546,8942,10795,4985,5810,10143,3904,6239,955.5,948.2,964.9,304497,37126088,298912,32730920,1288,529,280830,135050,113740,26110,264600,7660,136770,170400,4570,527690,38560,84740,29426051,9200,5585,4395168
